name,link,employer,min_salary,max_salary,source
Фармацевт-провизор,https://spb.hh.ru/vacancy/39010324," Группа компаний Farmani, Аптечество и оптика OPTIMA",55000.0,,HeadHunter
Фармацевт/технолог аптекарского дела,https://spb.hh.ru/vacancy/38983148,АО НПО ДОМ ФАРМАЦИИ,40000.0,,HeadHunter
Провизор/Фармацевт,https://spb.hh.ru/vacancy/38793932,ООО Медико-фармацевтическое объединение малого бизнеса,52000.0,,HeadHunter
Фармацевт-провизор,https://spb.hh.ru/vacancy/38096072, Productive heads,40000.0,60000.0,HeadHunter
Провизор,https://spb.hh.ru/vacancy/38982925,АО НПО ДОМ ФАРМАЦИИ,52000.0,,HeadHunter
Фармацевт-провизор,https://spb.hh.ru/vacancy/38734822,ООО Неотложка,45000.0,60000.0,HeadHunter
Фармацевт-провизор,https://spb.hh.ru/vacancy/38980245,ООО Алгоритм,38000.0,45000.0,HeadHunter
Фармацевт-провизор,https://spb.hh.ru/vacancy/39006986, Советская Аптека СПб (Дашкевич Елена Сергеевна),50000.0,,HeadHunter
Фармацевт-провизор,https://spb.hh.ru/vacancy/38848781,ООО Фармлек СПБ,40000.0,50000.0,HeadHunter
Фармацевт-провизор сеть аптек Алоэ NEW,https://spb.hh.ru/vacancy/37091627, БСС,,,HeadHunter
Фармацевт-провизор,https://spb.hh.ru/vacancy/38854528,ООО Семейная Аптека,45000.0,,HeadHunter
Фармацевт-провизор (м. Озерки),https://spb.hh.ru/vacancy/39020065, Аптечная сеть «Пульс»,45000.0,,HeadHunter
"Фармацевт-провизор (Приморский район, пр-тКоролева, Новоколомяжский)",https://spb.hh.ru/vacancy/39048906,ООО Здравница,48000.0,60000.0,HeadHunter
Фармацевт-провизор,https://spb.hh.ru/vacancy/38985492,ООО Фармасеть,45000.0,50000.0,HeadHunter
Провизор / Фармацевт,https://spb.hh.ru/vacancy/38819240," Аптечная сеть 36,6",45000.0,55000.0,HeadHunter
Фармацевт-провизор (ул. Народная 81),https://spb.hh.ru/vacancy/38861656, Мелодия здоровья,48000.0,,HeadHunter
"Фармацевт-провизор (ст.м. пр. Просвещения, Гражданский пр.)",https://spb.hh.ru/vacancy/38862958, Мелодия здоровья,48000.0,,HeadHunter
"Фармацевт / Провизор сеть аптек Алоэ (п. Лисий нос, ул. Центральная д. 2)",https://spb.hh.ru/vacancy/37463097, БСС,40000.0,,HeadHunter
"Фармацевт,провизор",https://spb.hh.ru/vacancy/36595319, Аптеки «ВИТА»,,,HeadHunter
Фармацевт-провизор (м.Озерки),https://spb.hh.ru/vacancy/39076400, Мелодия здоровья,48000.0,,HeadHunter
Фармацевт-провизор (ст.м. Пионерская),https://spb.hh.ru/vacancy/38250007, Мелодия здоровья,48000.0,,HeadHunter
Фармацевт-провизор (пр-т Наставников),https://spb.hh.ru/vacancy/37437106," Группа компаний ЭРКАФАРМ ( аптечные сети Озерки, Доктор Столетов).",57400.0,,HeadHunter
Фармацевт-провизор (ул.Софийская),https://spb.hh.ru/vacancy/38842254, Мелодия здоровья,48000.0,,HeadHunter
Фармацевт-провизор (Варшавская),https://spb.hh.ru/vacancy/38975333, Аптека «Для Бережливых»,45000.0,50000.0,HeadHunter
Фармацевт-провизор (Площадь Ленина),https://spb.hh.ru/vacancy/39010954, Мелодия здоровья,48000.0,,HeadHunter
Фармацевт-провизор (Васильевский остров),https://spb.hh.ru/vacancy/39013369," МАГНИТ, Розничная сеть",,,HeadHunter
Фармацевт-провизор (ст.м.Звездная),https://spb.hh.ru/vacancy/39035917, Мелодия здоровья,48000.0,,HeadHunter
Фармацевт-провизор (д. Малое Верево),https://spb.hh.ru/vacancy/39009560, Мелодия здоровья,47000.0,,HeadHunter
Фармацевт-провизор (м. Петроградская),https://spb.hh.ru/vacancy/38824508, Мелодия здоровья,48000.0,,HeadHunter
"Фармацевт-провизор (Дыбенко, Кудрово)",https://spb.hh.ru/vacancy/38737831, Мелодия здоровья,48000.0,,HeadHunter
Фармацевт-провизор (Сертолово),https://spb.hh.ru/vacancy/38571790, Мелодия здоровья,48000.0,,HeadHunter
Фармацевт,https://spb.hh.ru/vacancy/37761154, Аптеки «ВИТА»,,,HeadHunter
Фармацевт-провизор (м. Обводный канал),https://spb.hh.ru/vacancy/38350961, Мелодия здоровья,48000.0,,HeadHunter
Фармацевт-провизор (пр. Мечникова),https://spb.hh.ru/vacancy/37962635, Мелодия здоровья,48000.0,,HeadHunter
Фармацевт-провизор (м. Приморская),https://spb.hh.ru/vacancy/38984550, Мелодия здоровья,48000.0,,HeadHunter
Ночной Фармацевт/медконсультант,https://spb.hh.ru/vacancy/38951253,ООО ЭКСПРЕСС,20000.0,30000.0,HeadHunter
Фармацевт-провизор (пос. им. Свердлова),https://spb.hh.ru/vacancy/38812079, Мелодия здоровья,48000.0,,HeadHunter
Фармацевт-провизор (Тосно),https://spb.hh.ru/vacancy/38253486, Мелодия здоровья,47000.0,,HeadHunter
Фармацевт-провизор (Приморский район),https://spb.hh.ru/vacancy/38898699, Мелодия здоровья,48000.0,,HeadHunter
Фармацевт-провизор (Колтуши),https://spb.hh.ru/vacancy/38817047, Мелодия здоровья,40000.0,,HeadHunter
Фармацевт-провизор (м. Купчино),https://spb.hh.ru/vacancy/39013060," МАГНИТ, Розничная сеть",,,HeadHunter
"Фармацевт-провизор (Шушары, Новгородский пр.д.10)",https://spb.hh.ru/vacancy/38250074, Мелодия здоровья,48000.0,,HeadHunter
Фармацевт-провизор (Ленинский проспект),https://spb.hh.ru/vacancy/39013427," МАГНИТ, Розничная сеть",,,HeadHunter
Фармацевт-провизор (Выборг),https://spb.hh.ru/vacancy/38953053, Мелодия здоровья,48000.0,,HeadHunter
Фармацевт-провизор (м. Парк Победы),https://spb.hh.ru/vacancy/38977143, Мелодия здоровья,48000.0,,HeadHunter
Ночной Фармацевт-провизор,https://spb.hh.ru/vacancy/37767320, Мелодия здоровья,33000.0,,HeadHunter
Фармацевт-провизор (пр.Энергетиков),https://spb.hh.ru/vacancy/38255770, Мелодия здоровья,48000.0,,HeadHunter
Ночной Фармацевт-провизор,https://spb.hh.ru/vacancy/38738867,ООО ПетроФарм,,,HeadHunter
"Фармацевт-провизор (Авиагородок, ул.Пилотов)",https://spb.hh.ru/vacancy/39013227," МАГНИТ, Розничная сеть",,,HeadHunter
Фармацевт,https://spb.hh.ru/vacancy/38855576, Экспресс Аптека,40000.0,60000.0,HeadHunter
Ночной провизор-фармацевт,https://spb.hh.ru/vacancy/38798815,ООО Единство,,,HeadHunter
Фармацевт-провизор,https://spb.hh.ru/vacancy/37586478," Озерки, аптечная сеть",57400.0,,HeadHunter
Фармацевт-провизор (Новаторов б-р),https://spb.hh.ru/vacancy/38876387," Группа компаний ЭРКАФАРМ ( аптечные сети Озерки, Доктор Столетов).",57400.0,,HeadHunter
Фармацевт-провизор (Гражданский пр.),https://spb.hh.ru/vacancy/38250265, Мелодия здоровья,47000.0,,HeadHunter
Фармацевт-провизор (Работа рядом с домом),https://spb.hh.ru/vacancy/33685818, Ригла,40000.0,,HeadHunter
Фармацевт-провизор,https://spb.hh.ru/vacancy/38757042, Аптека «Для Бережливых»,45000.0,50000.0,HeadHunter
Фармацевт-провизор,https://spb.hh.ru/vacancy/38861346, Мелодия здоровья,48000.0,,HeadHunter
Фармацевт-провизор,https://spb.hh.ru/vacancy/38840826,ООО ЭКСПРЕСС,45000.0,50000.0,HeadHunter
Фармацевт,https://spb.hh.ru/vacancy/38701128,ООО Аптечная сеть ЛекОптТорг,45000.0,,HeadHunter
Фармацевт-провизор (ЖК Солнечный город),https://spb.hh.ru/vacancy/38865405, Ригла,40000.0,,HeadHunter
Фармацевт-провизор,https://spb.hh.ru/vacancy/38253380, Мелодия здоровья,48000.0,60000.0,HeadHunter
Фармацевт-провизор,https://spb.hh.ru/vacancy/38758658," Северо-Запад, фармацевтический холдинг",45000.0,,HeadHunter
Фармацевт / Провизор сеть аптек Алоэ (г. Всеволожск),https://spb.hh.ru/vacancy/38025808, БСС,40000.0,,HeadHunter
Ночной провизор-фармацевт,https://spb.hh.ru/vacancy/38568963," Группа компаний ЭРКАФАРМ ( аптечные сети Озерки, Доктор Столетов).",,,HeadHunter
Провизор / Фармацевт (пр. Маршала Блюхера),https://spb.hh.ru/vacancy/38007079," Аптечная сеть 36,6",45000.0,55000.0,HeadHunter
Фармацевт-провизор,https://spb.hh.ru/vacancy/38226296," МАГНИТ, Розничная сеть",,,HeadHunter
Фармацевт/провизор,https://spb.hh.ru/vacancy/38801439,ООО Народная линия,40000.0,,HeadHunter
Фармацевт-провизор (м. Звездная),https://spb.hh.ru/vacancy/38636631, Аптечная сеть «Пульс»,48000.0,,HeadHunter
Провизор / Фармацевт (м. Черная речка),https://spb.hh.ru/vacancy/38007116," Аптечная сеть 36,6",45000.0,55000.0,HeadHunter
Фармацевт/ Провизор (п. Новоселье),https://spb.hh.ru/vacancy/38840354, Ригла,40000.0,,HeadHunter
Фармацевт-провизор,https://spb.hh.ru/vacancy/38657639,ООО Аптека Соцздрав,35000.0,,HeadHunter
Фармацевт-провизор,https://spb.hh.ru/vacancy/38618451, Аптеки Столички,45000.0,,HeadHunter
Фармацевт-провизор (Кудрово),https://spb.hh.ru/vacancy/38799095, Ригла,40000.0,,HeadHunter
Фармацевт-провизор (ул. Трефолева),https://spb.hh.ru/vacancy/38729901,ООО Народная Аптека,45000.0,,HeadHunter
"Фармацевт-провизор (8 Советская, д. 48)",https://spb.hh.ru/vacancy/38706327,ООО Единство,,,HeadHunter
Фармацевт-провизор (Наличная ул),https://spb.hh.ru/vacancy/37737609," Группа компаний ЭРКАФАРМ ( аптечные сети Озерки, Доктор Столетов).",57400.0,,HeadHunter
"Фармацевт-провизор (Луначарского, д. 112)",https://spb.hh.ru/vacancy/38705641,ООО Единство,,,HeadHunter
"Фармацевт-провизор в Мурино (ул. Новая, д.2)",https://spb.hh.ru/vacancy/38705387,ООО Единство,,,HeadHunter
Фармацевт-провизор (Ланское ш.),https://spb.hh.ru/vacancy/38596998,ООО Народная Аптека,35000.0,45000.0,HeadHunter
Фармацевт-провизор (Большая Зеленина),https://spb.hh.ru/vacancy/38600291," Группа компаний ЭРКАФАРМ ( аптечные сети Озерки, Доктор Столетов).",57400.0,,HeadHunter
Фармацевт-провизор (Всеволожск),https://spb.hh.ru/vacancy/38730087,ООО Народная Аптека,40000.0,48000.0,HeadHunter
Фармацевт-провизор,https://spb.hh.ru/vacancy/37502940, Планета здоровья,,,HeadHunter
Фармацевт/Провизор сеть аптек Алоэ (мобильный),https://spb.hh.ru/vacancy/36860198, БСС,50000.0,,HeadHunter
Провизор-фармацевт,https://spb.hh.ru/vacancy/38539143," Группа компаний ЭРКАФАРМ ( аптечные сети Озерки, Доктор Столетов).",57400.0,,HeadHunter
"Фармацевт-провизор (на Вишерскую, д. 16 / Шушары)",https://spb.hh.ru/vacancy/38711200,ООО Единство,,,HeadHunter
Фармацевт-провизор (Невский пр-т),https://spb.hh.ru/vacancy/37737479," Группа компаний ЭРКАФАРМ ( аптечные сети Озерки, Доктор Столетов).",,,HeadHunter
"Фармацевт-провизор (проспект Энергетиков, д.8/1)",https://spb.hh.ru/vacancy/38706082,ООО Единство,,,HeadHunter
Фармацевт-провизор (Сертолово),https://spb.hh.ru/vacancy/38512292," Группа компаний ЭРКАФАРМ ( аптечные сети Озерки, Доктор Столетов).",57400.0,,HeadHunter
Провизор/Фармацевт (м. Московская),https://spb.hh.ru/vacancy/38501375," Аптечная сеть 36,6",45000.0,55000.0,HeadHunter
Провизор,https://spb.hh.ru/vacancy/38457440, Северная Каролина,,,HeadHunter
Провизор/Заведующая (Заведующий) аптекой,https://spb.hh.ru/vacancy/38848233,ООО Фармлек СПБ,58000.0,65000.0,HeadHunter
Провизор,https://spb.hh.ru/vacancy/38855579, Экспресс Аптека,40000.0,60000.0,HeadHunter
"Фармацевт-провизор (м. Крестовский остров, Чкаловская, Петроградская)",https://spb.hh.ru/vacancy/37747455, Мелодия здоровья,48000.0,,HeadHunter
Провизор,https://www.superjob.ru/vakansii/provizor-34266284.html,"Аптечная сеть 36,6",50000.0,60000.0,SuperJob
Фармацевт,https://www.superjob.ru/vakansii/farmacevt-provizor-31061446.html,Аптечная сеть ЗДОРОВ. ру,45000.0,,SuperJob
аптекой,https://www.superjob.ru/vakansii/zaveduyuschij-aptekoj-32231812.html,Альфамед,52000.0,65000.0,SuperJob
Фармацевт,https://www.superjob.ru/vakansii/farmacevt-30945686.html,Планета Здоровья,45000.0,,SuperJob
Фармацевт,https://www.superjob.ru/vakansii/farmacevt-34313865.html,СТОЛИЧКИ,50000.0,,SuperJob
Фармацевт,https://www.superjob.ru/vakansii/farmacevt-provizor-33603923.html,Ригла,51724.0,,SuperJob
Фармацевт,https://www.superjob.ru/vakansii/farmacevt-34363200.html,"Группа компаний ЭРКАФАРМ (аптечные сети Озерки, Доктор Столетов).",45000.0,,SuperJob
Фармацевт,https://www.superjob.ru/vakansii/farmacevt-provizor-33823768.html,НЕОФАРМ,55000.0,,SuperJob
Вахта,https://www.superjob.ru/vakansii/farmacevt-provizor-30597325.html,Соломон-медфарм,,,SuperJob
Фармацевт,https://www.superjob.ru/vakansii/farmacevt-provizor-34233504.html,Эволюшн,45000.0,,SuperJob
Фармацевт,https://www.superjob.ru/vakansii/farmacevt-provizor-34425980.html,Максал,40000.0,,SuperJob
Фармацевт,https://www.superjob.ru/vakansii/farmacevt-provizor-31569203.html,АВС-медицина,,70000.0,SuperJob
Провизор,https://www.superjob.ru/vakansii/provizor-34424255.html,ЮНИДЕНТ - Стоматология,65000.0,80000.0,SuperJob
Фармацевт,https://www.superjob.ru/vakansii/farmacevt-34423152.html,ПроАптека,,,SuperJob
Опыт не нужен,https://www.superjob.ru/vakansii/provizor-33411568.html,ЭВАЛАР,,,SuperJob
фармацевт,https://www.superjob.ru/vakansii/vrach-31986892.html,Staffmax,35000.0,,SuperJob
Фармацевт,https://www.superjob.ru/vakansii/farmacevt-31794021.html,"ФГБУ ""Поликлиника №1"" Управления делами Президента РФ",,,SuperJob
Фармацевт,https://www.superjob.ru/vakansii/farmacevt-33939015.html,Твой доктор,55000.0,,SuperJob
Фармацевт,https://www.superjob.ru/vakansii/farmacevt-provizor-mobilnyj-33272721.html,СМ-Клиника,,55000.0,SuperJob
Фармацевт,https://www.superjob.ru/vakansii/farmacevt-33007033.html,Мицар-Н,,70000.0,SuperJob
Фармацевт,https://www.superjob.ru/vakansii/farmacevt-33933581.html,СТОЛИЧКИ,55000.0,,SuperJob
Фармацевт,https://www.superjob.ru/vakansii/farmacevt-provizor-34449221.html,АПТЕКА-А. в. е,50000.0,60000.0,SuperJob
Фармацевт,https://www.superjob.ru/vakansii/farmacevt-32216106.html,ЭРКАФАРМ,45000.0,,SuperJob
Опыт не нужен,https://www.superjob.ru/vakansii/farmacevt-provizor-34368387.html,Ригла,51700.0,,SuperJob
Фармацевт,https://www.superjob.ru/vakansii/farmacevt-34303349.html,"ООО ""ПроАптека""",,,SuperJob
Фармацевт,https://www.superjob.ru/vakansii/farmacevt-33377533.html,"ФГБУ ""Поликлиника №1"" Управления делами Президента РФ",,,SuperJob
Опыт не нужен,https://www.superjob.ru/vakansii/nochnoj-farmacevt-v-apteku-33762490.html,Планета Здоровья,25000.0,,SuperJob
Фармацевт,https://www.superjob.ru/vakansii/farmacevt-34372094.html,СМ-Клиника,,55000.0,SuperJob
Фармацевт,https://www.superjob.ru/vakansii/farmacevt-provizor-27779097.html,Димфарм аптеки/Асна,45000.0,55000.0,SuperJob
Фармацевт,https://www.superjob.ru/vakansii/farmacevt-34451723.html,Бланкарайа,40000.0,50000.0,SuperJob
Фармацевт,https://www.superjob.ru/vakansii/farmacevt-pervogo-stola-12203555.html,Детский медицинский центр Управления делами Президента РФ,45000.0,,SuperJob
Фармацевт,https://www.superjob.ru/vakansii/farmacevt-provizor-30540756.html,"Аптечная Сеть ""Советские Аптеки""",,,SuperJob
Провизор,https://www.superjob.ru/vakansii/provizor-33663520.html,Аптека № 153 Академическая,,70000.0,SuperJob
Фармацевт,https://www.superjob.ru/vakansii/farmacevt-provizor-33564312.html,Империал,60000.0,75000.0,SuperJob
Фармацевт,https://www.superjob.ru/vakansii/farmacevt-provizor-32947321.html,ЛекарьФарм,55000.0,,SuperJob
Фармацевт,https://www.superjob.ru/vakansii/farmacevt-provizor-34434693.html,Терравита,45000.0,55000.0,SuperJob
Фармацевт,https://www.superjob.ru/vakansii/farmacevt-provizor-34207655.html,Золотой теленок,35000.0,,SuperJob
Фармацевт,https://www.superjob.ru/vakansii/farmacevt-provizor-v-krupnuyu-apteku-32190718.html,ВАЛЛЕКС М,55000.0,,SuperJob
Фармацевт,https://www.superjob.ru/vakansii/farmacevt-25561807.html,Целитель,51000.0,,SuperJob
Отклик без резюме,https://www.superjob.ru/vakansii/provizor-kladovschik-34280523.html,МЕЛИС,40000.0,45000.0,SuperJob
Фармацевт,https://www.superjob.ru/vakansii/farmacevt-34138725.html,СТОЛИЧКИ,50000.0,,SuperJob
Фармацевт,https://www.superjob.ru/vakansii/farmacevt-provizor-31492882.html,"Аптечная сеть 36,6",50000.0,60000.0,SuperJob
Опыт не нужен,https://www.superjob.ru/vakansii/farmacevt-provizor-34406489.html,Ригла,51724.0,,SuperJob
Фармацевт,https://www.superjob.ru/vakansii/farmacevt-provizor-33603704.html,Планета Здоровья,,,SuperJob
Провизор,https://www.superjob.ru/vakansii/provizor-26079788.html,Фарматека,52500.0,,SuperJob
аптекой,https://www.superjob.ru/vakansii/zaveduyuschij-aptekoj-10748908.html,Фармимэкс,,,SuperJob
Провизор,https://www.superjob.ru/vakansii/provizor-34368457.html,ТЕХФАРМ,,,SuperJob
Провизор,https://www.superjob.ru/vakansii/provizor-34313421.html,Детский медицинский центр Управления делами Президента РФ,50000.0,,SuperJob
Провизор,https://www.superjob.ru/vakansii/provizor-32881970.html,НМИЦ ССХ им. А. Н. Бакулева МЗ РФ,40000.0,,SuperJob
Провизор,https://www.superjob.ru/vakansii/provizor-analitik-33928357.html,"ФГБУ ""Поликлиника №1"" Управления делами Президента РФ",,,SuperJob
Провизор,https://www.superjob.ru/vakansii/provizor-tehnolog-33979886.html,ФГБУЗ ЦДКБ ФМБА России,,,SuperJob
Провизор,https://www.superjob.ru/vakansii/provizor-34437927.html,ЛИКИМЕД,,55000.0,SuperJob
Фармацевт,https://www.superjob.ru/vakansii/farmacevt-34441470.html,СТОЛИЧКИ,50000.0,,SuperJob
Вахта,https://www.superjob.ru/vakansii/farmacevt-34386042.html,СТОЛИЧКИ,50000.0,,SuperJob
Ночной,https://www.superjob.ru/vakansii/nochnoj-dezhurant-v-apteku-31775942.html,Ригла,12500.0,,SuperJob
Опыт не нужен,https://www.superjob.ru/vakansii/nochnoj-dezhurant-v-apteku-30521038.html,Ригла,13000.0,,SuperJob
аптекой,https://www.superjob.ru/vakansii/direktor-34466108.html,Ригла,55000.0,,SuperJob
Ночной,https://www.superjob.ru/vakansii/nochnoj-dezhurant-v-apteku-34387098.html,Ригла,,,SuperJob
